Metric,Scratch,Sklearn
MAE,10.523971217494097,10.523971217494116
MSE,170.8143340798021,170.81433407980566
RMSE,13.069595788692247,13.069595788692382
R2,0.989683779864077,0.9896837798640767
