{
    "real_dataset": {
        "scratch": {
            "Accuracy": 0.9736842105263158,
            "Precision": 0.9859154929577465,
            "Recall": 0.9722222222222222,
            "F1_score": 0.979020979020979,
            "ROC_AUC": 0.9957010582010583
        },
        "sklearn": {
            "Accuracy": 0.9824561403508771,
            "Precision": 0.9861111111111112,
            "Recall": 0.9861111111111112,
            "F1_score": 0.9861111111111112,
            "ROC_AUC": 0.9953703703703703
        }
    },
    "synthetic_dataset": {
        "scratch": {
            "Accuracy": 0.975,
            "Precision": 0.975,
            "Recall": 0.975,
            "F1_score": 0.975,
            "ROC_AUC": 0.959375
        },
        "sklearn": {
            "Accuracy": 0.975,
            "Precision": 0.975,
            "Recall": 0.975,
            "F1_score": 0.975,
            "ROC_AUC": 0.960625
        }
    }
}