Metric,Scratch,Sklearn
Accuracy,0.9736842105263158,0.9824561403508771
Precision,0.9859154929577465,0.9861111111111112
Recall,0.9722222222222222,0.9861111111111112
F1_score,0.979020979020979,0.9861111111111112
ROC_AUC,0.9957010582010583,0.9953703703703703
