{
    "real_dataset": {
        "scratch": {
            "MAE": 61.87251702194067,
            "MSE": 5010.353588276721,
            "RMSE": 70.78385118285611,
            "R2": 0.054320482670293435
        },
        "tuned_scratch": {
            "MAE": 43.3209837981851,
            "MSE": 2882.1214206320506,
            "RMSE": 53.685392991316085,
            "R2": 0.4560138030325389
        },
        "sklearn": {
            "MAE": 42.79409467959993,
            "MSE": 2900.1936284934804,
            "RMSE": 53.85344583676592,
            "R2": 0.4526027629719196
        }
    },
    "synthetic_dataset": {
        "scratch": {
            "MAE": 10.523971217494097,
            "MSE": 170.8143340798021,
            "RMSE": 13.069595788692247,
            "R2": 0.989683779864077
        },
        "sklearn": {
            "MAE": 10.523971217494116,
            "MSE": 170.81433407980566,
            "RMSE": 13.069595788692382,
            "R2": 0.9896837798640767
        }
    }
}